evaluative context,
11 games,
2 games,
5 games,
9 games,
first_half_player,
global,
player_position,
present_game_players_in_the_team,
present_season_player,
present_season_team,
previous_games_players_in_the_team,
previous_season_player,
previous_season_team,
pts,
sec,
starters,
team,
time_span,
first_half_team,
first_quarter_player,
first_quarter_team,
last_half_player,
last_half_team,
last_quarter_player,
last_quarter_team,
present_game_player,
present_game_team,
previous_games_player,
previous_games_team,
second_quarter_player,
second_quarter_team,
third_quarter_player,
third_quarter_team,
